id,first_name,last_name,email,street,zip
1,Reeba,Manley,rmanley0@fastcompany.com,Shasta,10045
2,Truman,Adamski,tadamski1@hao123.com,Butternut,06825
3,L;urette,Newhouse,lnewhouse2@livejournal.com,Harper,95108
4,Ellis,Dilnot,edilnot3@soundcloud.com,Ridge Oak,03105
5,Darsey,Ismead,dismead4@ucoz.ru,West,75710
6,Ellene,Warrior,ewarrior5@facebook.com,Hintze,21239
7,Berty,Kipling,bkipling6@businessinsider.com,Ludington,32590
8,Adela,Pavlovic,apavlovic7@cocolog-nifty.com,Hansons,52410
9,Inessa,Eldridge,ieldridge8@google.pl,Algoma,95210
10,Smith,Shephard,sshephard9@yahoo.com,Kennedy,37410
11,Jo-anne,Rudge,jrudgea@bing.com,Buell,43610
12,Zacherie,Connolly,zconnollyb@cyberchimps.com,Eastlawn,10024
13,Andra,Crosfeld,acrosfeldc@answers.com,Morningstar,85077
14,Hana,Glancy,hglancyd@fda.gov,Fuller,95108
15,Fanchon,Baldwin,fbaldwine@bloglines.com,Granby,44105
16,Fernandina,McCullum,fmccullumf@samsung.com,Pepper Wood,25770
17,Garner,Maffetti,gmaffettig@blinklist.com,Donald,30195
18,Nicolette,Dearman,ndearmanh@weibo.com,Sutherland,44305
19,Trixy,Odhams,todhamsi@liveinternet.ru,Morning,07505
20,Seth,Gwillym,sgwillymj@cloudflare.com,Goodland,33742
21,Vinson,Hoyes,vhoyesk@istockphoto.com,Tony,38181
22,Kelley,Piffe,kpiffel@infoseek.co.jp,Express,70820
23,Harmonia,Sulley,hsulleym@pinterest.com,Ramsey,35895
24,Dominik,Silbert,dsilbertn@ycombinator.com,Sunfield,89505
25,Igor,Sandle,isandleo@themeforest.net,Sherman,30311
26,Orville,Fulmen,ofulmenp@china.com.cn,Tennyson,75799
27,Merrielle,Ginn,mginnq@jimdo.com,Dottie,88546
28,Laurie,Hallett,lhallettr@bloglines.com,Duke,80270
29,Araldo,O'Kerin,aokerins@miitbeian.gov.cn,Warrior,28242
30,Fons,Mourgue,fmourguet@tamu.edu,Evergreen,85305
31,Hilary,McGenn,hmcgennu@slate.com,Buell,21705
32,Boycey,Gillebert,bgillebertv@liveinternet.ru,Sachtjen,92844
33,Silvan,Golly,sgollyw@storify.com,Bonner,35279
34,Murielle,Carnegie,mcarnegiex@economist.com,Brown,10249
35,Jeni,Pickaver,jpickavery@cpanel.net,Loftsgordon,76198
36,Clementine,Eade,ceadez@upenn.edu,Park Meadow,66112
37,Yoko,Heighton,yheighton10@studiopress.com,Old Shore,20215
38,Cindra,Clohessy,cclohessy11@ask.com,Dawn,46634
39,Nelle,Wilfinger,nwilfinger12@upenn.edu,Commercial,10165
40,Celia,Battershall,cbattershall13@sciencedirect.com,Westend,20380
41,Jobyna,Manicomb,jmanicomb14@google.es,Susan,64144
42,Nevsa,Fewster,nfewster15@acquirethisname.com,Prairie Rose,38188
43,Norby,Moehle,nmoehle16@so-net.ne.jp,Park Meadow,76004
44,Rosita,Connar,rconnar17@ca.gov,Hayes,85053
45,Adair,Yanele,ayanele18@yahoo.com,Caliangt,87195
46,Jamil,Steckings,jsteckings19@ox.ac.uk,Hallows,80638
47,Anne-marie,Bennet,abennet1a@answers.com,Portage,93721
48,Omar,Stegell,ostegell1b@deviantart.com,Florence,27116
49,Radcliffe,Jakubiak,rjakubiak1c@devhub.com,Melrose,39210
50,Vachel,Ryam,vryam1d@wikispaces.com,Mockingbird,23277
51,Frances,O'Hollegan,fohollegan1e@vimeo.com,Service,91520
52,Cyndi,Polson,cpolson1f@nytimes.com,Pearson,30195
53,Clyde,Frape,cfrape1g@yandex.ru,Everett,45238
54,Nonna,Dykins,ndykins1h@scientificamerican.com,Hollow Ridge,17605
55,Mathew,Perry,mperry1i@smugmug.com,Mandrake,60505
56,Hanson,Hugill,hhugill1j@scientificamerican.com,Maywood,31410
57,Dev,Laughnan,dlaughnan1k@imdb.com,Bluejay,57188
58,Gillie,De Malchar,gdemalchar1l@cloudflare.com,Crowley,98140
59,Carlita,Outram,coutram1m@imageshack.us,Del Mar,62705
60,Elia,Marder,emarder1n@blinklist.com,Vidon,33994
61,Sherill,Bunker,sbunker1o@smh.com.au,Pankratz,62794
62,Fayette,Olivie,folivie1p@seesaa.net,South,33325
63,Upton,Cassidy,ucassidy1q@facebook.com,Forest Run,68117
64,Edik,Battrum,ebattrum1r@vinaora.com,Fuller,71161
65,Lou,Roadnight,lroadnight1s@deviantart.com,Bunting,46896
66,Rhianna,Geraldi,rgeraldi1t@360.cn,Blackbird,28225
67,Hoyt,Godart,hgodart1u@networksolutions.com,Fordem,20816
68,Pen,Herrero,pherrero1v@samsung.com,Annamark,71130
69,Joete,Ouldcott,jouldcott1w@chicagotribune.com,Northview,89714
70,Janeva,Fearnside,jfearnside1x@abc.net.au,Victoria,06705
71,Catlin,Meaney,cmeaney1y@blogs.com,Fisk,47306
72,Taddeo,Nudde,tnudde1z@patch.com,Summerview,87115
73,Barbette,Sealeaf,bsealeaf20@statcounter.com,Katie,36205
74,Kelley,Haselwood,khaselwood21@forbes.com,Goodland,55487
75,Shandra,Kollas,skollas22@dot.gov,Delladonna,40233
76,Judon,Crippen,jcrippen23@gmpg.org,Sutteridge,55166
77,Julianne,Goracci,jgoracci24@fda.gov,Saint Paul,80127
78,Wilmer,Paler,wpaler25@washingtonpost.com,Mifflin,31165
79,Ramsay,Dickings,rdickings26@europa.eu,Ronald Regan,30328
80,Lockwood,Gobeau,lgobeau27@google.it,2nd,30130
81,Rowney,Eckhard,reckhard28@china.com.cn,Orin,75185
82,Bobbette,Wilse,bwilse29@deliciousdays.com,Comanche,15906
83,Aggy,O'Rudden,aorudden2a@berkeley.edu,Golf View,37210
84,Anny,Fulloway,afulloway2b@squarespace.com,Susan,28278
85,Liuka,Poat,lpoat2c@slideshare.net,Melody,02162
86,Amelina,Reah,areah2d@cornell.edu,Forster,20392
87,Horatia,Kuhnt,hkuhnt2e@twitpic.com,Banding,32236
88,Finlay,Jarlmann,fjarlmann2f@usatoday.com,Brickson Park,48912
89,Andromache,Piggin,apiggin2g@icio.us,Oak Valley,75277
90,Jim,Hacquard,jhacquard2h@digg.com,Orin,25726
91,Evelina,Tomasian,etomasian2i@blogspot.com,Westridge,97221
92,Hedy,Venneur,hvenneur2j@desdev.cn,Sherman,49560
93,Gaile,Gabrieli,ggabrieli2k@angelfire.com,Manitowish,53277
94,Matilde,Scamadin,mscamadin2l@hatena.ne.jp,Thackeray,20337
95,Phylys,MacCole,pmaccole2m@drupal.org,Gulseth,46862
96,Cristen,Durnall,cdurnall2n@nasa.gov,Declaration,10270
97,Dari,Ashment,dashment2o@plala.or.jp,Kensington,75205
98,Mathias,Schachter,mschachter2p@bluehost.com,Southridge,73167
99,Ty,Koschek,tkoschek2q@eepurl.com,Knutson,78245
100,Timothy,Attenborough,tattenborough2r@usnews.com,Kings,49510
101,Curt,Manlow,cmanlow2s@mediafire.com,Arapahoe,38119
102,Benjamin,Drewes,bdrewes2t@hud.gov,Cottonwood,49018
103,Tildie,Pedgrift,tpedgrift2u@cbc.ca,Oriole,50936
104,Ezra,Patten,epatten2v@xinhuanet.com,Sachs,30336
105,Merrile,Jendas,mjendas2w@joomla.org,Waywood,47732
106,Alecia,Patis,apatis2x@mapquest.com,Dexter,02405
107,Hebert,Kobsch,hkobsch2y@japanpost.jp,Graceland,02905
108,Griffith,Dowers,gdowers2z@ehow.com,Cambridge,40576
109,Rhianna,Gatty,rgatty30@japanpost.jp,Rieder,27455
110,Husain,Roizin,hroizin31@1und1.de,Mccormick,11236
111,Town,Spillane,tspillane32@unicef.org,Golf,32225
112,Shalom,Grinishin,sgrinishin33@g.co,West,33336
113,Loraine,Readett,lreadett34@sbwire.com,Charing Cross,70005
114,Francine,Davidovitch,fdavidovitch35@cnet.com,Kennedy,70129
115,Francois,Barge,fbarge36@wordpress.com,Paget,78715
116,Ferdinande,Thorneley,fthorneley37@disqus.com,Pine View,10014
117,Tannie,Varty,tvarty38@mlb.com,Amoth,77040
118,Dionisio,Whiteoak,dwhiteoak39@squidoo.com,Lindbergh,94291
119,Jenni,Riach,jriach3a@github.com,Lighthouse Bay,92424
120,Anica,Ive,aive3b@typepad.com,Fairfield,71208
121,Phil,Eckels,peckels3c@nsw.gov.au,Heath,84145
122,Nessy,Joel,njoel3d@nationalgeographic.com,Marquette,95118
123,Eddy,Senussi,esenussi3e@nature.com,Prentice,72209
124,Algernon,Riseborough,ariseborough3f@patch.com,Buhler,10120
125,Noah,Carneck,ncarneck3g@vk.com,Doe Crossing,34745
126,Isak,Scragg,iscragg3h@aol.com,Old Gate,46226
127,Sayre,Giacopini,sgiacopini3i@oracle.com,Dapin,73034
128,Charleen,Sertin,csertin3j@smh.com.au,Raven,39204
129,Stuart,Brew,sbrew3k@clickbank.net,Spenser,31416
130,Paula,Feasby,pfeasby3l@nps.gov,Superior,77005
131,Lorilyn,Mumberson,lmumberson3m@fema.gov,Annamark,33196
132,Sancho,Blunkett,sblunkett3n@technorati.com,2nd,60636
133,Say,Harrhy,sharrhy3o@jiathis.com,Rigney,23454
134,Rita,Jancey,rjancey3p@cbc.ca,Hanson,89178
135,Viva,Remnant,vremnant3q@facebook.com,Larry,11407
136,Marjy,Trodd,mtrodd3r@ycombinator.com,Sherman,31416
137,Tamarah,Whiteland,twhiteland3s@smh.com.au,Dottie,43699
138,Caro,Dunne,cdunne3t@disqus.com,Bartelt,79977
139,Belva,Galliford,bgalliford3u@cargocollective.com,Veith,79410
140,Hannis,Marke,hmarke3v@usgs.gov,Becker,22036
141,Felizio,Loseke,floseke3w@seattletimes.com,Summit,60686
142,Cyrille,Cannan,ccannan3x@washingtonpost.com,Sheridan,92648
143,Aurie,Ferraron,aferraron3y@sciencedirect.com,Bobwhite,19131
144,Cal,Pulver,cpulver3z@go.com,Cordelia,33884
145,Paulita,Eliet,peliet40@yolasite.com,Blackbird,31416
146,Michele,Pascoe,mpascoe41@rakuten.co.jp,Thompson,11231
147,Rhys,Goodger,rgoodger42@networksolutions.com,Quincy,32825
148,Ezekiel,Blackmoor,eblackmoor43@ucoz.ru,Del Sol,20566
149,Gibb,Wedmore,gwedmore44@tmall.com,Packers,38168
150,Pat,Dugdale,pdugdale45@smh.com.au,Esker,77281
151,Candice,Crickmoor,ccrickmoor46@reverbnation.com,Granby,84199
152,Hillyer,Maillard,hmaillard47@nytimes.com,La Follette,38161
153,Viva,Buffy,vbuffy48@xing.com,Mallory,83405
154,Frederique,Ealam,fealam49@eventbrite.com,Loomis,78278
155,Cristin,Pasque,cpasque4a@abc.net.au,Springs,80241
156,Freeman,Okker,fokker4b@cbslocal.com,Barby,87115
157,Antonina,Churching,achurching4c@google.nl,Lillian,75231
158,Verene,Lampke,vlampke4d@stumbleupon.com,Fordem,35905
159,Farrand,Whitsey,fwhitsey4e@discovery.com,Kings,99599
160,Shaina,Brizland,sbrizland4f@reddit.com,Prairie Rose,15215
161,Lynnea,Speer,lspeer4g@yellowpages.com,Cardinal,21290
162,Blondy,Janusz,bjanusz4h@fc2.com,Bashford,31190
163,Karena,Lasseter,klasseter4i@uiuc.edu,Nova,32314
164,Elvin,Cassar,ecassar4j@unesco.org,Springs,55402
165,Rainer,Ipsly,ripsly4k@topsy.com,Kropf,95194
166,Julita,Lazonby,jlazonby4l@dyndns.org,Londonderry,14604
167,Rollie,Stede,rstede4m@edublogs.org,Fairview,60078
168,Nollie,Kettleson,nkettleson4n@scribd.com,Lyons,44105
169,Desmund,Lassen,dlassen4o@is.gd,Hazelcrest,97271
170,Daisie,Usher,dusher4p@ebay.co.uk,Manufacturers,86305
171,Ginny,Tieraney,gtieraney4q@deviantart.com,New Castle,20260
172,Jamal,Casaroli,jcasaroli4r@sfgate.com,Muir,77250
173,Emory,Sealy,esealy4s@stumbleupon.com,Cody,28225
174,Raynard,Powland,rpowland4t@shinystat.com,Kensington,62525
175,Ryun,Lukock,rlukock4u@nhs.uk,Luster,92186
176,Ilyssa,Deverson,ideverson4v@hc360.com,Melby,45505
177,Cointon,Merryfield,cmerryfield4w@yellowbook.com,Doe Crossing,68517
178,Otis,Thicking,othicking4x@i2i.jp,Loeprich,80235
179,Flint,Carden,fcarden4y@skyrock.com,Monica,56398
180,Rodina,Sawyers,rsawyers4z@usgs.gov,Center,80217
181,Sabina,Roper,sroper50@house.gov,Fulton,14225
182,Deva,Raddenbury,draddenbury51@dyndns.org,Wayridge,60646
183,Jackqueline,Berick,jberick52@xrea.com,Judy,65211
184,Jeana,Gowans,jgowans53@yolasite.com,Lakewood Gardens,14215
185,Ettore,Haslen,ehaslen54@bandcamp.com,Bunker Hill,37931
186,Brien,Thumann,bthumann55@cdbaby.com,Vernon,77040
187,Lazare,Pattison,lpattison56@chron.com,South,46015
188,Keely,Childerley,kchilderley57@blinklist.com,Riverside,94250
189,Bobinette,Madill,bmadill58@slashdot.org,Del Mar,80291
190,Janet,Readitt,jreaditt59@godaddy.com,Northridge,76016
191,Maryl,Gemlett,mgemlett5a@ucoz.com,Moland,75705
192,Phillie,Woodfine,pwoodfine5b@last.fm,Magdeline,02104
193,Koo,Stanger,kstanger5c@cloudflare.com,Shelley,92619
194,Robers,Cumo,rcumo5d@skyrock.com,Del Mar,10275
195,Demetri,Atkyns,datkyns5e@flavors.me,Saint Paul,19109
196,Alexandros,Vanichkin,avanichkin5f@ycombinator.com,Moland,12232
197,Annadiana,McGann,amcgann5g@1und1.de,American,35815
198,Kellia,Mollen,kmollen5h@cbslocal.com,Lotheville,29416
199,Geoffry,Kempston,gkempston5i@disqus.com,Porter,20062
200,Kendrick,Ankrett,kankrett5j@oakley.com,Service,08638
201,Alberto,Tilliards,atilliards5k@google.co.jp,Nelson,32412
202,Jed,Hillatt,jhillatt5l@hp.com,Dorton,53790
203,Jud,Golling,jgolling5m@army.mil,Arapahoe,48901
204,Deeann,Ivankovic,divankovic5n@tuttocitta.it,Clarendon,23509
205,Umeko,Arnoud,uarnoud5o@biblegateway.com,Fairfield,92415
206,Winfield,Rawes,wrawes5p@jimdo.com,Eagan,76011
207,Justen,Kirrens,jkirrens5q@woothemes.com,2nd,68110
208,Willamina,Pettinger,wpettinger5r@vimeo.com,Hoffman,47712
209,August,Gullberg,agullberg5s@pbs.org,Schmedeman,94230
210,Waly,De Beauchemp,wdebeauchemp5t@nih.gov,Michigan,79984
211,Shermy,Fleet,sfleet5u@oaic.gov.au,Linden,63131
212,Madelaine,Rehme,mrehme5v@wufoo.com,Troy,72215
213,Vidovic,Hasloch,vhasloch5w@joomla.org,Russell,32209
214,Foss,Middleditch,fmiddleditch5x@4shared.com,Crownhardt,74149
215,Shalne,Baggett,sbaggett5y@xrea.com,Mcbride,87105
216,Gardner,Blinco,gblinco5z@admin.ch,Corscot,33462
217,Justen,Streeton,jstreeton60@hugedomains.com,Farwell,91125
218,Annabell,Camings,acamings61@artisteer.com,Holy Cross,90010
219,Donal,Piggrem,dpiggrem62@alexa.com,Hollow Ridge,92137
220,Polly,Hayne,phayne63@angelfire.com,Melby,33305
221,Dimitri,Udell,dudell64@deviantart.com,Charing Cross,73129
222,Lavinia,Voce,lvoce65@digg.com,Troy,80241
223,Kori,Didball,kdidball66@alexa.com,Hanover,90805
224,Monroe,Everex,meverex67@mysql.com,Rutledge,15220
225,Dulsea,Hatherleigh,dhatherleigh68@stanford.edu,Sunnyside,94522
226,Cary,Vankin,cvankin69@apple.com,Milwaukee,17121
227,Engelbert,Athow,eathow6a@si.edu,Fulton,25321
228,Dame,Leadbetter,dleadbetter6b@quantcast.com,Summerview,63167
229,Morris,Fippe,mfippe6c@woothemes.com,Clyde Gallagher,32123
230,Evvie,Fero,efero6d@etsy.com,Glendale,10275
231,Claudia,Gwynn,cgwynn6e@discovery.com,Kings,93386
232,Kiersten,MacSporran,kmacsporran6f@diigo.com,Hoard,33982
233,Beverlie,Bowling,bbowling6g@census.gov,Hauk,44315
234,Nancey,Pougher,npougher6h@marriott.com,Oak,86305
235,Jacques,Zannolli,jzannolli6i@edublogs.org,Northland,76105
236,Salli,Rodda,srodda6j@businessinsider.com,Bobwhite,43204
237,Mignonne,Juggins,mjuggins6k@livejournal.com,Morning,90020
238,Mannie,Walley,mwalley6l@ebay.com,Warner,22047
239,Camilla,Fratczak,cfratczak6m@friendfeed.com,Shopko,94164
240,Hamil,Ashlin,hashlin6n@census.gov,Comanche,20337
241,Ulric,Edwicker,uedwicker6o@hexun.com,Reindahl,07544
242,Janith,Mosdell,jmosdell6p@mapquest.com,Sommers,33310
243,Margot,Ash,mash6q@cyberchimps.com,Transport,84130
244,Pia,Gozard,pgozard6r@twitpic.com,Nelson,46805
245,Madelaine,Gaythwaite,mgaythwaite6s@timesonline.co.uk,Raven,19115
246,Staci,Penna,spenna6t@photobucket.com,Bultman,94522
247,Dallis,Thurman,dthurman6u@wunderground.com,Buena Vista,14905
248,Lory,Pynn,lpynn6v@washingtonpost.com,Hooker,32825
249,Lou,Twining,ltwining6w@usda.gov,American,63158
250,Catherine,Newbery,cnewbery6x@dailymotion.com,Sloan,70805
251,Udale,Franies,ufranies6y@pcworld.com,Buhler,74156
252,Boot,Stanlike,bstanlike6z@discuz.net,Nova,80044
253,Devonne,Hicks,dhicks70@amazon.com,Sullivan,79911
254,Shannon,Laba,slaba71@a8.net,Hovde,38150
255,Reese,Savatier,rsavatier72@amazonaws.com,Almo,33694
256,Cornela,Pluthero,cpluthero73@gravatar.com,Anhalt,12205
257,Quinn,Brosoli,qbrosoli74@histats.com,Summit,44197
258,Abby,Christoffe,achristoffe75@yale.edu,Shopko,64190
259,Shirleen,Honnicott,shonnicott76@wikia.com,Evergreen,62525
260,Glennie,Bayliss,gbayliss77@redcross.org,Waubesa,98195
261,Willette,Esbrook,wesbrook78@webmd.com,Center,30045
262,Barris,Beer,bbeer79@economist.com,Elka,98195
263,Abigael,Fettis,afettis7a@google.ca,Village,30368
264,Clarine,Christophers,cchristophers7b@parallels.com,Bowman,67205
265,Humbert,Tollmache,htollmache7c@comcast.net,Stoughton,70607
266,Simeon,Frake,sfrake7d@facebook.com,Lien,77240
267,Bronson,Methringham,bmethringham7e@apache.org,Del Sol,66606
268,Biddy,Brayshay,bbrayshay7f@geocities.jp,Northview,97306
269,Jaclyn,Endecott,jendecott7g@creativecommons.org,Aberg,78744
270,Shannan,Cyson,scyson7h@hc360.com,Shopko,77713
271,Nessy,De Simoni,ndesimoni7i@yahoo.co.jp,Moland,80915
272,Alyson,Lounds,alounds7j@theguardian.com,Warrior,79171
273,Xenos,Demer,xdemer7k@cdc.gov,Merry,57188
274,Brenda,Dow,bdow7l@disqus.com,Morrow,94159
275,Kacey,Fairbanks,kfairbanks7m@msn.com,Pine View,93291
276,Marlyn,Elgie,melgie7n@list-manage.com,Messerschmidt,36125
277,Carlina,Cattermole,ccattermole7o@aol.com,Manitowish,38136
278,Ruthann,Ruddiforth,rruddiforth7p@pbs.org,Arapahoe,47705
279,Daffy,Hundey,dhundey7q@statcounter.com,Victoria,93150
280,Kipp,Stanbury,kstanbury7r@yelp.com,Rieder,11210
281,Hermia,Rosendorf,hrosendorf7s@gnu.org,Carpenter,93794
282,Antonella,Goff,agoff7t@clickbank.net,Susan,40524
283,Evonne,Piddlehinton,epiddlehinton7u@wufoo.com,Corben,39534
284,Miltie,Wolfe,mwolfe7v@trellian.com,Bashford,88589
285,Theodore,Brighty,tbrighty7w@eepurl.com,Hermina,33686
286,Blithe,Rothermel,brothermel7x@dion.ne.jp,Darwin,32605
287,Marianna,Gronowe,mgronowe7y@sun.com,Shasta,89510
288,Jolene,Rosin,jrosin7z@seesaa.net,Haas,21282
289,Peg,Billison,pbillison80@digg.com,Merry,02905
290,Valerie,Padgham,vpadgham81@ted.com,Gina,38114
291,Udell,Davers,udavers82@skyrock.com,American Ash,45243
292,Georgi,Bilbrey,gbilbrey83@sfgate.com,Knutson,22036
293,Sigvard,Dmitrievski,sdmitrievski84@ucsd.edu,Bonner,80291
294,Grannie,Goslin,ggoslin85@si.edu,Lunder,79989
295,Frankie,Asee,fasee86@berkeley.edu,Gulseth,94705
296,Albertina,Viant,aviant87@mapy.cz,Union,93740
297,Cathe,Borrel,cborrel88@a8.net,Iowa,93773
298,Alida,Ragborne,aragborne89@ed.gov,Hallows,43204
299,Rockey,Pieracci,rpieracci8a@tripod.com,Lerdahl,02142
300,Geri,Faragan,gfaragan8b@taobao.com,Hollow Ridge,29615
301,Parke,Rozet,prozet8c@examiner.com,Center,65218
302,Giavani,Heakins,gheakins8d@aol.com,Graceland,20299
303,Waly,Buddle,wbuddle8e@archive.org,Straubel,90065
304,Edlin,Poleykett,epoleykett8f@artisteer.com,Hanover,32092
305,Wye,Mushawe,wmushawe8g@ow.ly,Kedzie,33432
306,Ninnetta,Mulleary,nmulleary8h@amazonaws.com,Maryland,30066
307,Francis,Carlile,fcarlile8i@yelp.com,Dwight,55127
308,Ailene,Espinola,aespinola8j@nifty.com,Doe Crossing,13224
309,Anne,Sugg,asugg8k@altervista.org,Nevada,14233
310,Vivyan,Krollmann,vkrollmann8l@fastcompany.com,Westridge,94522
311,Meade,Fowles,mfowles8m@istockphoto.com,Meadow Valley,46266
312,Casie,Thomasen,cthomasen8n@msu.edu,Lakeland,84130
313,Viola,Kier,vkier8o@lulu.com,Mitchell,33164
314,Gillian,Grzegorczyk,ggrzegorczyk8p@va.gov,Sloan,93399
315,Dion,Spini,dspini8q@mashable.com,Meadow Valley,89155
316,Rouvin,Kerwood,rkerwood8r@ca.gov,Gulseth,95194
317,Laurene,Docker,ldocker8s@prnewswire.com,Scott,11355
318,Minerva,Arntzen,marntzen8t@xrea.com,Mockingbird,10079
319,Glennie,Ever,gever8u@stanford.edu,3rd,77713
320,Ardis,Vagg,avagg8v@bandcamp.com,Blue Bill Park,30033
321,Axe,Dureden,adureden8w@un.org,Claremont,93399
322,Horten,Ferreli,hferreli8x@bing.com,Monument,27635
323,Joice,Braundt,jbraundt8y@istockphoto.com,Southridge,20005
324,Tabor,Laugharne,tlaugharne8z@nbcnews.com,Kipling,49544
325,April,Izhak,aizhak90@geocities.com,Saint Paul,52245
326,Rosabelle,Scroggs,rscroggs91@blog.com,Pearson,38197
327,Aleece,Segebrecht,asegebrecht92@twitter.com,Springview,03804
328,Nanni,Lappine,nlappine93@archive.org,Hovde,71914
329,Jeanette,Duhig,jduhig94@hibu.com,Butterfield,80940
330,Zola,Lanchbery,zlanchbery95@nbcnews.com,Warrior,10014
331,Kaleb,Bohills,kbohills96@wunderground.com,Eastwood,72231
332,Emery,Tregunnah,etregunnah97@booking.com,Lakeland,98042
333,Dewey,Cavey,dcavey98@npr.org,Ridgeview,48107
334,Calypso,Fitchen,cfitchen99@cargocollective.com,Ohio,53716
335,Amalee,McLay,amclay9a@hp.com,Kedzie,27610
336,Brenden,Brandacci,bbrandacci9b@ft.com,Tomscot,46699
337,Cathy,Clutheram,cclutheram9c@yahoo.com,Kedzie,88584
338,Dena,Warburton,dwarburton9d@feedburner.com,Bartelt,52809
339,Kylen,Rootes,krootes9e@newsvine.com,Northfield,76198
340,Desmund,Stollsteiner,dstollsteiner9f@privacy.gov.au,Arizona,06721
341,Thorvald,Heinlein,theinlein9g@accuweather.com,Eliot,97405
342,Alecia,Shipston,ashipston9h@telegraph.co.uk,Declaration,41905
343,Cirillo,Pipworth,cpipworth9i@epa.gov,Thompson,30919
344,Augustine,Liggins,aliggins9j@i2i.jp,Rieder,75705
345,Coletta,Janodet,cjanodet9k@miitbeian.gov.cn,Talmadge,92710
346,Wynn,Luckings,wluckings9l@cloudflare.com,Texas,95405
347,Maiga,Broske,mbroske9m@blogtalkradio.com,Merrick,93407
348,Cissiee,Maciejewski,cmaciejewski9n@yolasite.com,8th,20078
349,Stan,Siddeley,ssiddeley9o@ted.com,Marcy,85020
350,Elaine,Carvell,ecarvell9p@walmart.com,Oxford,33111
351,Marin,Wong,mwong9q@zdnet.com,Kropf,43226
352,Pavlov,Bockett,pbockett9r@facebook.com,Alpine,98516
353,Kris,Awcoate,kawcoate9s@bloglovin.com,Loeprich,38197
354,Cherilyn,Uden,cuden9t@washingtonpost.com,Clove,80905
355,Oralia,Haggith,ohaggith9u@tamu.edu,Reinke,64101
356,See,Searjeant,ssearjeant9v@dailymotion.com,Del Sol,06510
357,Murdock,Stoppard,mstoppard9w@trellian.com,Texas,10705
358,Elli,Mabbitt,emabbitt9x@barnesandnoble.com,Towne,20041
359,Maximilien,Spaunton,mspaunton9y@upenn.edu,Lake View,44125
360,Avie,Clopton,aclopton9z@arizona.edu,Claremont,27717
361,Gabie,Cooke,gcookea0@plala.or.jp,Waubesa,10454
362,Morten,Burlay,mburlaya1@sphinn.com,Fuller,31914
363,Benedikt,Dunbabin,bdunbabina2@discuz.net,Moulton,28235
364,Will,Ashby,washbya3@hugedomains.com,Debs,98175
365,Xavier,Tuvey,xtuveya4@ucoz.com,Eliot,70607
366,Leontine,Creggan,lcreggana5@so-net.ne.jp,Fulton,43231
367,Forest,Bultitude,fbultitudea6@umn.edu,Pepper Wood,23454
368,Koren,Christoffels,kchristoffelsa7@upenn.edu,Victoria,76115
369,Audrey,Valiant,avalianta8@oakley.com,Sunfield,93907
370,Ailbert,Scoterbosh,ascoterbosha9@wix.com,Ilene,70142
371,Taryn,Verriour,tverriouraa@wikipedia.org,Little Fleur,71208
372,Patrick,Tippin,ptippinab@blog.com,Bonner,28405
373,Letisha,De Avenell,ldeavenellac@ucoz.com,5th,20073
374,Dora,Helliker,dhellikerad@un.org,Scoville,19725
375,Sammy,Feaver,sfeaverae@about.me,Oneill,90831
376,Hermon,Bedle,hbedleaf@yandex.ru,South,94177
377,Doyle,Delaney,ddelaneyag@archive.org,Katie,90094
378,Maritsa,Cuell,mcuellah@ifeng.com,Maple Wood,88546
379,Laureen,Terris,lterrisai@canalblog.com,Sullivan,35236
380,Shanta,Hounsham,shounshamaj@taobao.com,Bunting,83732
381,Emmalyn,Blackaby,eblackabyak@virginia.edu,Hallows,80291
382,Rowen,Dumigan,rdumiganal@so-net.ne.jp,Vermont,18105
383,Maje,Hordell,mhordellam@marriott.com,Prentice,80905
384,Stephannie,McIllrick,smcillrickan@bloomberg.com,Monica,46862
385,Clemente,Boule,cbouleao@sourceforge.net,2nd,19495
386,Evangelina,Wipfler,ewipflerap@cornell.edu,La Follette,95852
387,Woodman,Havis,whavisaq@walmart.com,Boyd,73157
388,Rosaline,Carette,rcarettear@forbes.com,Moulton,94250
389,Bearnard,Hellsdon,bhellsdonas@gizmodo.com,Sheridan,06140
390,Perl,Noe,pnoeat@tinypic.com,Arrowood,74116
391,Melitta,Kiehnlt,mkiehnltau@ibm.com,Holy Cross,21684
392,Therese,Marxsen,tmarxsenav@vk.com,Norway Maple,14609
393,Logan,St. John,lstjohnaw@geocities.jp,Michigan,50369
394,Nichole,Shutt,nshuttax@archive.org,Pankratz,98104
395,Isac,Croson,icrosonay@alexa.com,Ludington,76016
396,Edie,Taree,etareeaz@ucoz.ru,Eastlawn,78710
397,Herschel,Tyres,htyresb0@bloomberg.com,Granby,77075
398,Sidonia,Mussett,smussettb1@cdbaby.com,Corscot,15235
399,Mellicent,Lace,mlaceb2@e-recht24.de,Stephen,92805
400,Jeremy,Antrim,jantrimb3@amazonaws.com,Moland,23464
401,Jeralee,MacCrann,jmaccrannb4@wordpress.com,Mallard,14652
402,Brandyn,Phalp,bphalpb5@bbb.org,Ruskin,50320
403,Tab,Bevir,tbevirb6@epa.gov,Melrose,68164
404,Nevil,Millar,nmillarb7@slate.com,Buena Vista,73179
405,Pru,Leopold,pleopoldb8@youtu.be,Buell,37914
406,Curry,Nashe,cnasheb9@epa.gov,Brentwood,78783
407,Candace,Rottgers,crottgersba@army.mil,Maple,35254
408,Edgar,Wakefield,ewakefieldbb@cpanel.net,Bluestem,32304
409,Kimberly,Pleasants,kpleasantsbc@prlog.org,Anderson,39282
410,Mariele,Latehouse,mlatehousebd@stumbleupon.com,Spaight,92115
411,Ceciley,Zahor,czahorbe@lycos.com,Dixon,35279
412,Vanda,Cortnay,vcortnaybf@deviantart.com,Vidon,80044
413,Randy,Faull,rfaullbg@simplemachines.org,Mayfield,32215
414,Zacharia,Trunchion,ztrunchionbh@europa.eu,Katie,92405
415,Crin,Sansun,csansunbi@yolasite.com,Bowman,33180
416,Jerrie,Crews,jcrewsbj@de.vu,Hollow Ridge,32819
417,Leeland,Leigh,lleighbk@tamu.edu,Canary,62205
418,Deanne,Casey,dcaseybl@ezinearticles.com,Ridgeway,85720
419,Bernetta,Brittan,bbrittanbm@boston.com,Ryan,91616
420,Isahella,Joppich,ijoppichbn@unc.edu,Westend,92191
421,Sibel,Heaford,sheafordbo@icq.com,Randy,30919
422,Rolph,Gobbett,rgobbettbp@sitemeter.com,Goodland,94142
423,Harli,Itzkovitch,hitzkovitchbq@springer.com,Hauk,46825
424,Bryn,Maven,bmavenbr@example.com,Daystar,78415
425,Elnora,Millberg,emillbergbs@cloudflare.com,Butterfield,18514
426,Marthe,Dilger,mdilgerbt@indiegogo.com,Larry,77085
427,Ulla,Blincowe,ublincowebu@auda.org.au,Starling,54305
428,Lindie,Ianinotti,lianinottibv@sakura.ne.jp,Del Mar,94230
429,Roley,Underwood,runderwoodbw@wikipedia.org,Dayton,11205
430,Betteanne,Bruckmann,bbruckmannbx@japanpost.jp,Union,23213
431,Bourke,Supple,bsuppleby@g.co,Briar Crest,07310
432,Lotta,Baynon,lbaynonbz@businessweek.com,Novick,34949
433,Tiffi,Hess,thessc0@cafepress.com,Roxbury,19146
434,Glennis,Brunini,gbruninic1@php.net,Reindahl,43615
435,Tomi,Gostridge,tgostridgec2@4shared.com,Petterle,12242
436,Jammie,Lynthal,jlynthalc3@ebay.com,Haas,98175
437,Noah,Lott,nlottc4@opera.com,Blackbird,55412
438,Anestassia,Pashbee,apashbeec5@weather.com,Crowley,92513
439,Rosanna,Hamlin,rhamlinc6@umich.edu,Lighthouse Bay,24503
440,Lucky,Meachen,lmeachenc7@ycombinator.com,Schmedeman,92612
441,Arty,Springthorp,aspringthorpc8@wsj.com,Esker,78764
442,Stanislaw,Bleby,sblebyc9@answers.com,Sycamore,98121
443,Nikki,Llewellyn,nllewellynca@a8.net,Forest,76192
444,Sarena,Hounsham,shounshamcb@bbb.org,Grasskamp,30358
445,Dore,Bigg,dbiggcc@geocities.jp,Calypso,10454
446,Fulton,Croughan,fcroughancd@fc2.com,Darwin,63104
447,Paten,Willeson,pwillesonce@miibeian.gov.cn,Packers,80209
448,Lenora,MacAvddy,lmacavddycf@imgur.com,Lunder,06105
449,Nalani,Nickoll,nnickollcg@auda.org.au,Sloan,76115
450,Eddie,Drummond,edrummondch@fc2.com,Canary,02912
451,Glynnis,Casiroli,gcasirolici@usgs.gov,Waxwing,79491
452,Axe,Enever,aenevercj@a8.net,Elgar,33405
453,Elliott,Merring,emerringck@shareasale.com,Clarendon,62756
454,Kennith,Keenlayside,kkeenlaysidecl@shutterfly.com,Declaration,33164
455,Ursuline,Spours,uspourscm@devhub.com,Trailsway,32964
456,Hannah,Lees,hleescn@phoca.cz,Garrison,98175
457,Erik,Epsly,eepslyco@abc.net.au,New Castle,32605
458,Susanne,Khomich,skhomichcp@cdc.gov,Northridge,80126
459,Emyle,McGraffin,emcgraffincq@examiner.com,Mifflin,96805
460,Teressa,Govier,tgoviercr@hexun.com,Paget,17121
461,Alexandrina,Beal,abealcs@tripod.com,Mcbride,77228
462,Ariadne,Spaxman,aspaxmanct@livejournal.com,Clove,79945
463,Maurizio,Bilbrey,mbilbreycu@webs.com,Havey,95354
464,Fifi,Blewett,fblewettcv@posterous.com,Pepper Wood,33647
465,Nikola,Darko,ndarkocw@ihg.com,Oak Valley,02305
466,Reuven,Fitzroy,rfitzroycx@deviantart.com,Nancy,99220
467,Sheilakathryn,Dilgarno,sdilgarnocy@bbb.org,Messerschmidt,48670
468,Rurik,Folkard,rfolkardcz@businessinsider.com,Thackeray,73135
469,Rab,Huddles,rhuddlesd0@msn.com,Arkansas,20816
470,Saxe,Francescozzi,sfrancescozzid1@4shared.com,Browning,01813
471,Jenny,Bramhall,jbramhalld2@huffingtonpost.com,Waxwing,19178
472,Gwendolen,Brockwell,gbrockwelld3@dailymotion.com,Londonderry,80930
473,Dasya,Lote,dloted4@berkeley.edu,Fieldstone,34643
474,Miran,Gorgl,mgorgld5@prnewswire.com,Leroy,10260
475,Bobbi,Parcell,bparcelld6@networksolutions.com,Pierstorff,20370
476,Tonya,Overal,toverald7@addtoany.com,Tony,85710
477,Risa,Mothersdale,rmothersdaled8@smh.com.au,Nobel,76178
478,Quintina,Losselyong,qlosselyongd9@fastcompany.com,Cottonwood,36104
479,Cathleen,Barrar,cbarrarda@jigsy.com,Hagan,61635
480,Inez,Redrup,iredrupdb@mail.ru,Northport,78044
481,Ignace,Leicester,ileicesterdc@netvibes.com,Schlimgen,20719
482,Grissel,Uren,gurendd@europa.eu,Kensington,78737
483,Adelbert,Sawers,asawersde@prnewswire.com,Vera,87201
484,Amery,Winchurst,awinchurstdf@vkontakte.ru,Forest Run,30045
485,Rhiamon,Geal,rgealdg@loc.gov,Waxwing,49505
486,Yoko,Birdsall,ybirdsalldh@timesonline.co.uk,Schlimgen,78230
487,Filippa,MacCosty,fmaccostydi@prnewswire.com,Clove,90605
488,Gayel,Seville,gsevilledj@wiley.com,Arizona,39296
489,Codi,Tuny,ctunydk@sphinn.com,Sunbrook,79955
490,Ruggiero,Cruxton,rcruxtondl@eventbrite.com,Moland,11470
491,Bradan,Elcoate,belcoatedm@ox.ac.uk,Orin,65805
492,Tedmund,Matschek,tmatschekdn@blogspot.com,Burrows,35405
493,Tony,McGurk,tmcgurkdo@wordpress.com,Mayer,02162
494,Ardyce,Nice,anicedp@blogspot.com,Mayfield,35815
495,Tawsha,Larkings,tlarkingsdq@hc360.com,Del Mar,85754
496,Penny,Perillo,pperillodr@walmart.com,Pierstorff,03105
497,Clemmy,Wittman,cwittmands@zdnet.com,Sage,01905
498,Beatrisa,Gowdie,bgowdiedt@hp.com,Commercial,55108
499,Henrieta,Santori,hsantoridu@i2i.jp,Merry,85715
500,Livy,Shaddock,lshaddockdv@canalblog.com,Butternut,48258
501,Janna,Sawford,jsawforddw@networkadvertising.org,Waubesa,33185
502,Warner,Beecroft,wbeecroftdx@ted.com,Mcguire,78245
503,Diann,Felgate,dfelgatedy@vinaora.com,Londonderry,28314
504,Gill,Hanigan,ghanigandz@cnn.com,Mcbride,36605
505,Jerrilee,Start,jstarte0@indiatimes.com,Reindahl,77276
506,Armando,Hendrikse,ahendriksee1@sun.com,Clarendon,01105
507,Cristionna,Fullbrook,cfullbrooke2@ustream.tv,Kinsman,67220
508,Kris,Crawshaw,kcrawshawe3@comcast.net,Scoville,94164
509,Alistair,Tellenbroker,atellenbrokere4@miibeian.gov.cn,Jackson,77005
510,Virgil,Denyukhin,vdenyukhine5@virginia.edu,Stone Corner,49544
511,Gaby,Geffe,ggeffee6@odnoklassniki.ru,Russell,33141
512,Tracie,Leckie,tleckiee7@netscape.com,Petterle,21203
513,Mikel,Crombleholme,mcrombleholmee8@godaddy.com,Haas,32244
514,Berty,O'Skehan,boskehane9@odnoklassniki.ru,Trailsway,66667
515,Danya,Poppy,dpoppyea@woothemes.com,Debra,66220
516,Ferdinande,Raisbeck,fraisbeckeb@latimes.com,Vidon,32236
517,Chico,Moraleda,cmoraledaec@apple.com,Thackeray,74116
518,Nara,Lovell,nlovelled@example.com,Huxley,85710
519,Abraham,Fassmann,afassmannee@canalblog.com,Ilene,55103
520,Kean,Satterlee,ksatterleeef@blinklist.com,West,79764
521,Nettle,Wavish,nwavisheg@yelp.com,Butternut,33811
522,Beverley,Ower,bowereh@cbslocal.com,Riverside,53205
523,Minerva,Dyche,mdycheei@globo.com,Reindahl,60663
524,Had,Yglesias,hyglesiasej@ebay.co.uk,Raven,37228
525,Jasen,Snare,jsnareek@taobao.com,Graedel,31165
526,Haslett,Walkley,hwalkleyel@goodreads.com,Graceland,99252
527,Elvira,Summerscales,esummerscalesem@rakuten.co.jp,Texas,06922
528,Tim,Luberto,tlubertoen@usda.gov,Donald,64125
529,Dyanne,Lieber,dliebereo@canalblog.com,Steensland,91406
530,Sonny,Kitto,skittoep@usatoday.com,Hoffman,77234
531,Tomlin,Garnsworthy,tgarnsworthyeq@berkeley.edu,Golden Leaf,77713
532,Abagael,Albutt,aalbutter@va.gov,Onsgard,95150
533,Aluino,Morrid,amorrides@bluehost.com,Kedzie,47937
534,Kenon,Screas,kscreaset@joomla.org,Sycamore,19151
535,Boyd,Spehr,bspehreu@de.vu,Fuller,32819
536,Raymund,Trathen,rtrathenev@addtoany.com,Hazelcrest,47405
537,Craggie,Lorait,cloraitew@mit.edu,Caliangt,28278
538,Barbey,Bysouth,bbysouthex@domainmarket.com,Meadow Valley,77228
539,Libbi,Andreolli,landreolliey@vinaora.com,Hoard,12242
540,Hoebart,Downer,hdownerez@vk.com,Schlimgen,76011
541,Shelbi,Housaman,shousamanf0@nps.gov,Algoma,88569
542,Amil,Dysart,adysartf1@arizona.edu,Judy,80525
543,Arron,Bellocht,abellochtf2@webs.com,Talmadge,06854
544,Madelina,Glavias,mglaviasf3@i2i.jp,Packers,17121
545,Aida,Clemenceau,aclemenceauf4@comcast.net,Dixon,94064
546,Nikolia,Chaudhry,nchaudhryf5@cam.ac.uk,Iowa,15205
547,Eada,Woltering,ewolteringf6@hc360.com,1st,15255
548,Susi,Sainthill,ssainthillf7@edublogs.org,Summer Ridge,76598
549,Tiena,Letherbury,tletherburyf8@pinterest.com,Iowa,29208
550,Brinn,Chrystie,bchrystief9@yelp.com,Lien,32526
551,Dickie,Hartridge,dhartridgefa@seesaa.net,Lakewood Gardens,22205
552,Devora,Tipper,dtipperfb@tuttocitta.it,Ilene,38181
553,Alfreda,Paniman,apanimanfc@hp.com,Steensland,50369
554,Jermayne,Clethro,jclethrofd@vistaprint.com,Monument,77030
555,Ianthe,MacTrustam,imactrustamfe@topsy.com,Orin,68134
556,Thom,Saladino,tsaladinoff@friendfeed.com,Shelley,30061
557,Evania,Buston,ebustonfg@macromedia.com,Sommers,70154
558,Anabal,Reven,arevenfh@slashdot.org,Arizona,55412
559,Noni,Fuchs,nfuchsfi@jalbum.net,Shoshone,44705
560,Vonnie,Avramovsky,vavramovskyfj@stumbleupon.com,Lunder,33620
561,Kacy,Jenkyn,kjenkynfk@cpanel.net,Becker,74170
562,Cammi,Longmead,clongmeadfl@nsw.gov.au,1st,70033
563,Boyce,Menichini,bmenichinifm@dyndns.org,Buhler,77075
564,Sydney,Noblet,snobletfn@redcross.org,Sachtjen,99812
565,Josefa,Cady,jcadyfo@irs.gov,Anthes,80228
566,Diena,Cobain,dcobainfp@pen.io,Gateway,13224
567,Consalve,Fifield,cfifieldfq@linkedin.com,Troy,78235
568,Melesa,Vader,mvaderfr@reddit.com,Crescent Oaks,78764
569,Xavier,Wrankmore,xwrankmorefs@spiegel.de,Elgar,66210
570,Rachael,Martschik,rmartschikft@seesaa.net,Farwell,48335
571,Kennett,Dougher,kdougherfu@cnbc.com,New Castle,14652
572,Kristopher,Arnely,karnelyfv@mozilla.org,Jenna,44130
573,Pippo,Deuss,pdeussfw@sciencedirect.com,Darwin,78278
574,Katrinka,Mintram,kmintramfx@cbc.ca,Grover,73142
575,Koral,Stille,kstillefy@issuu.com,Riverside,70805
576,Cherye,Kleinmann,ckleinmannfz@goo.ne.jp,Randy,10019
577,Meridith,Cund,mcundg0@jiathis.com,Talmadge,95210
578,Charil,Bilbie,cbilbieg1@accuweather.com,Marcy,33432
579,Allistir,Zoephel,azoephelg2@washington.edu,Superior,60657
580,Tristan,Shenton,tshentong3@w3.org,Pennsylvania,39204
581,Leanora,Crouch,lcrouchg4@prlog.org,Katie,45419
582,Jillane,Ohms,johmsg5@bloomberg.com,Kings,75358
583,Ced,Panting,cpantingg6@deliciousdays.com,Sage,94237
584,Murry,Clemintoni,mclemintonig7@google.cn,Oakridge,84403
585,Julita,Christescu,jchristescug8@msu.edu,Raven,79605
586,Luther,Castanyer,lcastanyerg9@eepurl.com,Coolidge,02162
587,Rebecka,Tomicki,rtomickiga@networkadvertising.org,Hoard,75221
588,Hall,Gerred,hgerredgb@alibaba.com,Manley,20442
589,Berkie,Pinard,bpinardgc@illinois.edu,Texas,87195
590,Sheffie,Josebury,sjoseburygd@friendfeed.com,Mosinee,38197
591,Annadiane,Rickardsson,arickardssonge@sogou.com,Longview,10464
592,Mirna,Whitsey,mwhitseygf@pinterest.com,Stephen,74170
593,Alaine,Austwick,aaustwickgg@nifty.com,Village Green,87195
594,Adolphe,Simester,asimestergh@tumblr.com,Birchwood,77281
595,Zitella,Bordiss,zbordissgi@hao123.com,Golf Course,34642
596,Diannne,Wink,dwinkgj@facebook.com,Nelson,07310
597,Karolina,Belliard,kbelliardgk@yahoo.com,Roxbury,77493
598,Eliot,Moxham,emoxhamgl@upenn.edu,Hallows,79769
599,Tommi,Fuzzey,tfuzzeygm@google.es,Victoria,19172
600,Sherwynd,Fenich,sfenichgn@irs.gov,Prairie Rose,89087
601,Aldrich,Massei,amasseigo@hubpages.com,Buhler,27615
602,Lulu,Kleinhausen,lkleinhausengp@studiopress.com,Gulseth,89105
603,Margit,Ricciardelli,mricciardelligq@godaddy.com,Dakota,77266
604,Valaree,Rosterne,vrosternegr@guardian.co.uk,Namekagon,23324
605,Filia,Ellwand,fellwandgs@reddit.com,Scofield,60641
606,Harriet,Anselmi,hanselmigt@mysql.com,Waxwing,49505
607,Clemmy,Engel,cengelgu@independent.co.uk,Oak Valley,85725
608,Kerrie,Gouly,kgoulygv@wikipedia.org,Hudson,06726
609,Fallon,Maseres,fmaseresgw@storify.com,Pleasure,55407
610,Foster,Kingsnorth,fkingsnorthgx@plala.or.jp,Larry,21405
611,Melantha,Dumini,mduminigy@desdev.cn,Kennedy,23464
612,Van,Spenton,vspentongz@ft.com,Novick,40250
613,Delcine,Keam,dkeamh0@webeden.co.uk,Hermina,20167
614,Gualterio,Hodge,ghodgeh1@howstuffworks.com,Debs,31190
615,Candra,Moulds,cmouldsh2@shop-pro.jp,Spenser,32215
616,Yul,Ziemke,yziemkeh3@prweb.com,Fairview,21265
617,Dew,Janczak,djanczakh4@businessinsider.com,Schmedeman,06859
618,Leonanie,Tingcomb,ltingcombh5@jalbum.net,Farragut,21705
619,Chaddie,Sowter,csowterh6@indiegogo.com,Manufacturers,81015
620,Olympie,Rehn,orehnh7@uol.com.br,Dovetail,39404
621,Vernor,Pavelka,vpavelkah8@booking.com,Golf Course,06120
622,Candice,Jakoub,cjakoubh9@bloglines.com,Steensland,20046
623,Karie,Ewbanke,kewbankeha@jigsy.com,Glacier Hill,46226
624,Cathe,Wace,cwacehb@google.com,Eagle Crest,35285
625,Benedikt,Tipton,btiptonhc@t.co,Merrick,10184
626,Lenard,Fitton,lfittonhd@telegraph.co.uk,Fallview,47805
627,Delmore,Meigh,dmeighhe@xrea.com,Moland,19115
628,Gayle,Kroch,gkrochhf@jigsy.com,Luster,30311
629,Beverie,Griffin,bgriffinhg@ucoz.com,Memorial,27116
630,Iver,Crenage,icrenagehh@elegantthemes.com,Barnett,63169
631,Manuel,Antonescu,mantonescuhi@sciencedirect.com,Center,02119
632,Hattie,Nugent,hnugenthj@intel.com,Luster,11499
633,Ellynn,Banville,ebanvillehk@mtv.com,Anniversary,19115
634,Alexis,Yokel,ayokelhl@yellowpages.com,Jana,33705
635,Goran,Cuberley,gcuberleyhm@nytimes.com,Luster,36689
636,Rickert,Segrott,rsegrotthn@webmd.com,Waxwing,34114
637,Allen,Prendeguest,aprendeguestho@vkontakte.ru,Melody,98127
638,Wadsworth,Gilhool,wgilhoolhp@columbia.edu,Lindbergh,67210
639,Alejandrina,Swiffin,aswiffinhq@earthlink.net,Artisan,73179
640,Rabbi,Fitzroy,rfitzroyhr@adobe.com,Swallow,10099
641,Heidi,Klimowski,hklimowskihs@tmall.com,Artisan,35815
642,Pooh,Tweedy,ptweedyht@sakura.ne.jp,Del Mar,77020
643,Aila,Kelston,akelstonhu@sciencedaily.com,Schurz,08638
644,Calypso,Radcliffe,cradcliffehv@dagondesign.com,Corscot,28256
645,Tracey,Milesap,tmilesaphw@marriott.com,International,94616
646,Kellyann,Crotch,kcrotchhx@altervista.org,Pennsylvania,92844
647,Brandy,Mannin,bmanninhy@smh.com.au,Springview,27717
648,Gerhardine,Moody,gmoodyhz@fda.gov,Heffernan,30380
649,Erwin,Comazzo,ecomazzoi0@bbc.co.uk,Macpherson,80328
650,Kearney,Mugg,kmuggi1@ocn.ne.jp,Derek,78737
651,Sabine,Charrisson,scharrissoni2@wordpress.com,Holy Cross,30343
652,Anni,Bradforth,abradforthi3@engadget.com,Ryan,32627
653,Ashton,Huglin,ahuglini4@samsung.com,Harbort,93005
654,Eldridge,Nears,enearsi5@ft.com,8th,33763
655,Cosmo,Gent,cgenti6@delicious.com,Judy,76134
656,Skyler,Chern,scherni7@discovery.com,Schlimgen,77806
657,Marylin,Upsale,mupsalei8@webnode.com,Summerview,22333
658,Stacia,Ackland,sacklandi9@live.com,Messerschmidt,45490
659,Davita,Greenrodd,dgreenroddia@jugem.jp,Bobwhite,61709
660,Malinde,Blay,mblayib@blogs.com,Garrison,80126
661,Katalin,Herrema,kherremaic@vinaora.com,Fremont,78225
662,Glynda,Napper,gnapperid@soup.io,Porter,10275
663,Daniela,Dowber,ddowberie@google.es,Artisan,11407
664,Alf,Hardcastle,ahardcastleif@so-net.ne.jp,Dexter,27717
665,Gayla,Brearley,gbrearleyig@cam.ac.uk,Russell,94297
666,Blondell,Savile,bsavileih@amazonaws.com,Johnson,46247
667,Paul,Stracey,pstraceyii@columbia.edu,Gateway,46254
668,Denise,Wemyss,dwemyssij@wikia.com,Toban,98127
669,Martie,Rickasse,mrickasseik@youku.com,Vahlen,77070
670,Caterina,Catonne,ccatonneil@icio.us,Trailsway,10105
671,Rusty,Buntain,rbuntainim@newyorker.com,Calypso,64082
672,Beryl,Keefe,bkeefein@networkadvertising.org,Burning Wood,92812
673,Laurie,Phinnis,lphinnisio@gov.uk,Schiller,94544
674,Nealson,Toolin,ntoolinip@homestead.com,Bowman,92056
675,Farrand,Dinan,fdinaniq@comsenz.com,Anderson,46857
676,Darn,Allery,dalleryir@paypal.com,Brentwood,33023
677,Madalena,Ditt,mdittis@sogou.com,Scott,12255
678,Hadleigh,Veivers,hveiversit@cloudflare.com,Artisan,14624
679,Vladimir,Aspray,vasprayiu@theglobeandmail.com,Daystar,19805
680,Michal,Spread,mspreadiv@cornell.edu,Springview,90310
681,Yancy,Withull,ywithulliw@vk.com,Pepper Wood,32244
682,Carlynn,Thebeaud,cthebeaudix@jiathis.com,North,48217
683,Berthe,Lismore,blismoreiy@moonfruit.com,Oneill,19725
684,Faina,Dunsire,fdunsireiz@google.com.hk,Atwood,90310
685,Jacquette,Purrington,jpurringtonj0@washingtonpost.com,Corscot,30089
686,Edward,Pell,epellj1@jalbum.net,Transport,79105
687,Erinna,Desvignes,edesvignesj2@typepad.com,Fieldstone,25326
688,Elenore,Tuffield,etuffieldj3@blogtalkradio.com,Graedel,32277
689,Marie,Arnefield,marnefieldj4@soundcloud.com,Saint Paul,92176
690,Shanta,Gras,sgrasj5@mysql.com,Waxwing,60646
691,Friederike,Worsnip,fworsnipj6@godaddy.com,Fremont,79950
692,Odette,Reimers,oreimersj7@discovery.com,Manitowish,55127
693,Grissel,Pestor,gpestorj8@kickstarter.com,Dahle,78465
694,Roanne,Hallwood,rhallwoodj9@illinois.edu,Lunder,73190
695,Sheridan,Meighan,smeighanja@goo.ne.jp,Service,93907
696,Saw,Skermer,sskermerjb@flickr.com,Gulseth,55573
697,Betta,Grassi,bgrassijc@amazon.co.jp,Welch,17405
698,Yasmeen,Mark,ymarkjd@zimbio.com,Harbort,20525
699,Gaelan,Velez,gvelezje@rakuten.co.jp,Meadow Vale,78475
700,Hersch,Langmuir,hlangmuirjf@1und1.de,Mandrake,12305
701,Angie,Grumell,agrumelljg@deviantart.com,Oneill,07195
702,Raleigh,Collelton,rcolleltonjh@blogspot.com,Havey,43226
703,Etta,Bonick,ebonickji@naver.com,Cascade,35279
704,Rianon,Labat,rlabatjj@1688.com,Oxford,90040
705,Lucille,Mc Corley,lmccorleyjk@dot.gov,Del Sol,83727
706,Isabelita,Chicotti,ichicottijl@sohu.com,Merry,37924
707,Heddie,Duckels,hduckelsjm@cornell.edu,Harper,30386
708,Corrie,Tchir,ctchirjn@nyu.edu,Eliot,86305
709,Nicolai,Artz,nartzjo@flickr.com,1st,06859
710,Suellen,De Bruijn,sdebruijnjp@newyorker.com,Montana,94611
711,Janel,Dudderidge,jdudderidgejq@creativecommons.org,Artisan,10310
712,Flori,de Werk,fdewerkjr@bloglovin.com,Bay,92668
713,Hakeem,Dwyr,hdwyrjs@intel.com,Cody,93386
714,Justine,Lucia,jluciajt@creativecommons.org,Riverside,78726
715,Meara,Tortis,mtortisju@nifty.com,Cherokee,37919
716,Ferris,Bendin,fbendinjv@usda.gov,Northport,34290
717,Nanny,Haselwood,nhaselwoodjw@privacy.gov.au,Corry,31210
718,Jehu,Vanderson,jvandersonjx@quantcast.com,Village,68531
719,Mallory,Sumsion,msumsionjy@meetup.com,Evergreen,75074
720,Ginevra,Bethell,gbethelljz@printfriendly.com,Bluestem,10280
721,Jaynell,Quigley,jquigleyk0@hexun.com,Beilfuss,40215
722,Hillery,McMeanma,hmcmeanmak1@quantcast.com,Barnett,29610
723,Beverly,Navein,bnaveink2@typepad.com,Cody,25389
724,Jaclin,Burwell,jburwellk3@twitter.com,Lakeland,20260
725,Cecile,Widdocks,cwiddocksk4@harvard.edu,Shoshone,25331
726,Donnamarie,Corbert,dcorbertk5@rakuten.co.jp,Little Fleur,68110
727,Lorena,Cahan,lcahank6@amazon.co.jp,Anniversary,22036
728,Pietra,Fellgate,pfellgatek7@auda.org.au,Sundown,48901
729,Fayette,Kennewell,fkennewellk8@amazon.co.uk,American,23208
730,Selestina,Dooney,sdooneyk9@senate.gov,Memorial,98148
731,Boycie,Klimentyonok,bklimentyonokka@ted.com,Melrose,66160
732,Kathryn,Blazewicz,kblazewiczkb@answers.com,Corben,43240
733,Tami,Larwood,tlarwoodkc@netlog.com,Summit,90055
734,Derwin,Kerins,dkerinskd@homestead.com,Fair Oaks,78426
735,Hilliard,Patching,hpatchingke@latimes.com,Basil,02109
736,Torrey,Caley,tcaleykf@cornell.edu,Montana,70607
737,Deb,Maguire,dmaguirekg@dell.com,Anhalt,92648
738,Carmita,Cowles,ccowleskh@1688.com,Elgar,79955
739,Idaline,Cosin,icosinki@tumblr.com,Stephen,13251
740,Vyky,Blade,vbladekj@miitbeian.gov.cn,Birchwood,27499
741,Fraze,Walsh,fwalshkk@time.com,Eliot,72118
742,Beatrix,Begbie,bbegbiekl@deliciousdays.com,Lien,92812
743,Mitzi,Cashell,mcashellkm@comsenz.com,Stuart,12237
744,Carolynn,Pinckard,cpinckardkn@google.fr,Fieldstone,20599
745,Lurlene,Colebeck,lcolebeckko@google.com.au,Redwing,75185
746,Marcelle,Longthorn,mlongthornkp@free.fr,Cottonwood,85015
747,Nate,Mackerness,nmackernesskq@ezinearticles.com,Fallview,75062
748,Emily,Brodie,ebrodiekr@dailymail.co.uk,Grasskamp,78415
749,Patrica,Aldam,paldamks@dyndns.org,Hovde,76305
750,Marinna,Malster,mmalsterkt@foxnews.com,Northport,04109
751,Marchall,Stanfield,mstanfieldku@seattletimes.com,Rowland,53705
752,Ellissa,Thomkins,ethomkinskv@facebook.com,Heffernan,46805
753,Donella,Cattel,dcattelkw@dyndns.org,North,49018
754,Codee,Enrich,cenrichkx@springer.com,Morning,36104
755,Karole,Hackinge,khackingeky@vk.com,Morning,58106
756,Lorain,Manolov,lmanolovkz@ifeng.com,Wayridge,33305
757,Malorie,Flippini,mflippinil0@kickstarter.com,Melby,60567
758,Irving,Folland,ifollandl1@issuu.com,Claremont,04109
759,Carmel,Peele,cpeelel2@com.com,Brentwood,15906
760,Margareta,Godmar,mgodmarl3@washington.edu,Muir,53785
761,Eugen,Pauley,epauleyl4@feedburner.com,Jenifer,77035
762,Viviana,Brister,vbristerl5@cornell.edu,Hazelcrest,11254
763,Merna,Smitheman,msmithemanl6@blog.com,Ohio,78783
764,Torrence,Quayle,tquaylel7@ucoz.ru,Oxford,98464
765,Suzanne,Phethean,sphetheanl8@imageshack.us,Oriole,17110
766,Mia,Hennington,mhenningtonl9@domainmarket.com,Upham,79940
767,Clare,O' Sullivan,cosullivanla@army.mil,Hooker,78710
768,Rhodie,Coverdale,rcoverdalelb@cmu.edu,Westerfield,54305
769,Marigold,Blamires,mblamireslc@tinypic.com,Dottie,39282
770,Alvera,Henrot,ahenrotld@xrea.com,Heath,35815
771,Jecho,Cordell,jcordellle@1und1.de,Arizona,40586
772,Kevon,Trevett,ktrevettlf@geocities.jp,Declaration,89125
773,Caspar,Caswill,ccaswilllg@amazonaws.com,Goodland,35905
774,Claudian,Impett,cimpettlh@buzzfeed.com,Mayer,77206
775,Jodie,Mewha,jmewhali@usatoday.com,Dorton,33961
776,Malina,MacNeil,mmacneillj@virginia.edu,Main,93005
777,Merline,Ruckledge,mruckledgelk@go.com,Grim,29411
778,Gabriella,Shevlan,gshevlanll@arizona.edu,Spohn,10203
779,Gabbey,Plumm,gplummlm@cloudflare.com,Riverside,60351
780,Susanetta,Bordiss,sbordissln@un.org,Parkside,20046
781,Drew,Jedras,djedraslo@symantec.com,Oak Valley,64149
782,Ransell,Killshaw,rkillshawlp@ft.com,Linden,20010
783,Jeremie,Ironmonger,jironmongerlq@omniture.com,Clyde Gallagher,89155
784,Jean,Dunridge,jdunridgelr@trellian.com,Rieder,17121
785,Rori,Sherry,rsherryls@printfriendly.com,Annamark,95852
786,Lina,Bofield,lbofieldlt@msu.edu,Upham,25331
787,Collen,Leebeter,cleebeterlu@yahoo.co.jp,Arizona,95405
788,Whitby,Sunter,wsunterlv@devhub.com,Morning,32259
789,Peria,Jenson,pjensonlw@yahoo.com,Spenser,20167
790,Risa,McGeagh,rmcgeaghlx@theglobeandmail.com,Hoepker,20436
791,Rolland,Barnardo,rbarnardoly@bloomberg.com,American,70810
792,Antonino,Shore,ashorelz@jimdo.com,Myrtle,01105
793,Shandee,Beecroft,sbeecroftm0@virginia.edu,Myrtle,10029
794,Regan,Kenward,rkenwardm1@scientificamerican.com,Johnson,18763
795,Michale,Dewar,mdewarm2@acquirethisname.com,Kim,38143
796,Shelbi,Jillitt,sjillittm3@npr.org,Granby,85072
797,Aubrie,Surman,asurmanm4@huffingtonpost.com,Delaware,54915
798,Stacia,Aspinal,saspinalm5@omniture.com,Carioca,22156
799,Rockey,Culwen,rculwenm6@php.net,Ohio,04109
800,Peter,Barszczewski,pbarszczewskim7@dedecms.com,Red Cloud,90605
801,Myles,Camerana,mcameranam8@ustream.tv,Moose,94616
802,Helena,Surmeyer,hsurmeyerm9@dot.gov,Elka,48295
803,Edee,Deetlof,edeetlofma@addtoany.com,La Follette,90605
804,Kaleena,Cornwall,kcornwallmb@friendfeed.com,Forster,10099
805,Janelle,Allain,jallainmc@cdbaby.com,Novick,10019
806,Rolland,Pybworth,rpybworthmd@indiatimes.com,Lakewood,94230
807,Roslyn,Franzini,rfranzinime@tumblr.com,Roxbury,32813
808,Brietta,Darkott,bdarkottmf@joomla.org,Boyd,20244
809,Carree,Heintzsch,cheintzschmg@msu.edu,Moulton,33320
810,Emeline,Noden,enodenmh@ezinearticles.com,Jackson,29424
811,Pearla,Orman,pormanmi@quantcast.com,Shoshone,49006
812,Gerda,Henrie,ghenriemj@goo.ne.jp,Hoepker,84125
813,Grata,McGrirl,gmcgrirlmk@networkadvertising.org,Delaware,85210
814,Ansel,Garlic,agarlicml@disqus.com,Katie,34102
815,Tansy,Dowding,tdowdingmm@example.com,Buena Vista,93778
816,Teriann,Bompass,tbompassmn@census.gov,Alpine,87505
817,Agnese,Andreutti,aandreuttimo@stumbleupon.com,Marcy,15210
818,Hayward,Landsberg,hlandsbergmp@epa.gov,Truax,73157
819,Aurelia,Brawley,abrawleymq@shareasale.com,Milwaukee,75342
820,Hanny,Sherlock,hsherlockmr@si.edu,Mallory,79605
821,Dianne,Adamson,dadamsonms@statcounter.com,Anderson,96154
822,Addison,Morritt,amorrittmt@aol.com,Chinook,98506
823,Chloris,Ber,cbermu@geocities.jp,Tennyson,98498
824,Murial,Jeske,mjeskemv@addtoany.com,Logan,59771
825,Angel,MacNaughton,amacnaughtonmw@feedburner.com,Sunfield,16510
826,Luelle,Holgan,lholganmx@sourceforge.net,Sage,95833
827,Griz,Bodocs,gbodocsmy@google.com.hk,Briar Crest,15906
828,Joly,Poltun,jpoltunmz@youtu.be,Northfield,29215
829,Abbye,Upfold,aupfoldn0@archive.org,Orin,47134
830,Orelie,Leavy,oleavyn1@eepurl.com,Prairie Rose,92612
831,Guillermo,Hovie,ghovien2@ebay.com,Grover,93794
832,Sallie,Presley,spresleyn3@webs.com,Manufacturers,14263
833,Goober,Trotton,gtrottonn4@macromedia.com,Heath,55412
834,Winny,Bister,wbistern5@usda.gov,Randy,30343
835,Jeri,Barhems,jbarhemsn6@weibo.com,Summer Ridge,34205
836,Hy,Viccars,hviccarsn7@blinklist.com,Hermina,88519
837,Alvinia,Blachford,ablachfordn8@squarespace.com,Alpine,75210
838,Vanessa,Vasichev,vvasichevn9@who.int,Elgar,19897
839,Cher,Larking,clarkingna@state.tx.us,Mifflin,74193
840,Mortie,Caton,mcatonnb@about.me,Coleman,24029
841,Darbee,Geraldez,dgeraldeznc@ted.com,Farragut,64136
842,Tedmund,Griss,tgrissnd@dion.ne.jp,Almo,84605
843,Renie,Hagyard,rhagyardne@mashable.com,Maywood,33190
844,Fabio,Pollen,fpollennf@over-blog.com,Artisan,91616
845,Shandie,Bullivant,sbullivantng@thetimes.co.uk,Eastwood,18706
846,Joli,Brabham,jbrabhamnh@mozilla.org,Debra,61105
847,Leodora,Lauderdale,llauderdaleni@i2i.jp,Lyons,20051
848,Josiah,Coot,jcootnj@flavors.me,Pleasure,75392
849,Haydon,Mapplebeck,hmapplebecknk@xinhuanet.com,Texas,17622
850,Guy,Sinnie,gsinnienl@ycombinator.com,Northport,30301
851,Andre,Dougal,adougalnm@msn.com,Springs,86305
852,Orland,Valintine,ovalintinenn@prweb.com,Bunker Hill,32909
853,Judi,Vian,jvianno@freewebs.com,Carioca,43210
854,Jessalyn,Hrachovec,jhrachovecnp@networkadvertising.org,Lindbergh,29416
855,Gui,Cubin,gcubinnq@google.com.hk,Raven,89155
856,Wain,Medway,wmedwaynr@ameblo.jp,Meadow Valley,63104
857,Leslie,Mintoff,lmintoffns@unblog.fr,Stone Corner,37410
858,Ben,Oxterby,boxterbynt@pinterest.com,Vernon,93715
859,Allene,Cauthra,acauthranu@huffingtonpost.com,Harper,19605
860,Ettie,Burfield,eburfieldnv@economist.com,Vera,91606
861,Thalia,Thebe,tthebenw@i2i.jp,Petterle,77705
862,Agneta,Eustis,aeustisnx@csmonitor.com,Shoshone,98166
863,Darill,Grabert,dgrabertny@wordpress.org,Debs,32819
864,Elton,Feirn,efeirnnz@europa.eu,Golf,78764
865,Marthena,Yanuk,myanuko0@google.com.hk,Tennyson,22217
866,Vladamir,Goskar,vgoskaro1@g.co,Buena Vista,07195
867,Nessy,Croix,ncroixo2@independent.co.uk,Boyd,58505
868,Tobye,Lowy,tlowyo3@businessweek.com,Oxford,74156
869,Hyatt,Coleford,hcolefordo4@ezinearticles.com,Doe Crossing,79105
870,Hilde,Jaszczak,hjaszczako5@dell.com,Northridge,78710
871,Nolly,Beltzner,nbeltznero6@washingtonpost.com,Holmberg,31405
872,Corly,Maunders,cmaunderso7@huffingtonpost.com,New Castle,25321
873,Levey,Lergan,llergano8@wunderground.com,Northridge,37939
874,Dev,Jocelyn,djocelyno9@hugedomains.com,Lakewood,79764
875,Johnnie,Vickers,jvickersoa@army.mil,Comanche,34210
876,Mano,Jessel,mjesselob@pen.io,Pierstorff,20310
877,Derwin,Regglar,dregglaroc@google.ca,Nobel,89436
878,Gabe,Roubeix,groubeixod@yelp.com,Crownhardt,11431
879,Zilvia,Rothera,zrotheraoe@biblegateway.com,Parkside,46202
880,Justis,Pease,jpeaseof@mlb.com,Basil,74184
881,Othilie,Sagar,osagarog@mac.com,Kropf,70160
882,Ashleigh,Mucklo,amucklooh@people.com.cn,Myrtle,30301
883,Devan,Fredson,dfredsonoi@uiuc.edu,Moose,74193
884,Clint,Beeke,cbeekeoj@cpanel.net,Thackeray,68105
885,Ingrid,Meachen,imeachenok@livejournal.com,Village Green,43204
886,Oneida,Rowlin,orowlinol@sakura.ne.jp,Doe Crossing,48505
887,Lishe,Brierly,lbrierlyom@skyrock.com,Village Green,66611
888,Randell,Wikey,rwikeyon@dropbox.com,Evergreen,93721
889,Kristofer,Malenfant,kmalenfantoo@berkeley.edu,Gerald,39505
890,Amaleta,McIlrath,amcilrathop@4shared.com,Novick,33320
891,Grace,de Clercq,gdeclercqoq@wikimedia.org,Ronald Regan,78783
892,Arlen,Uphill,auphillor@google.co.uk,Anthes,46254
893,Richart,Pietruszka,rpietruszkaos@ustream.tv,Golden Leaf,32627
894,Julie,Claringbold,jclaringboldot@ucla.edu,Graedel,37215
895,Sasha,Hazeldean,shazeldeanou@rakuten.co.jp,Fisk,79994
896,Zeke,Stafford,zstaffordov@sakura.ne.jp,Pankratz,44111
897,Arline,Andryushchenko,aandryushchenkoow@digg.com,Messerschmidt,66205
898,Meris,Mathen,mmathenox@360.cn,Westridge,30316
899,Robena,Clawe,rclaweoy@chronoengine.com,North,07505
900,Irena,Lesley,ilesleyoz@skype.com,Laurel,20380
901,Kamillah,Cawley,kcawleyp0@umn.edu,Butterfield,10110
902,Brooke,Rosensaft,brosensaftp1@cargocollective.com,Bay,21684
903,Timothy,Vant,tvantp2@yahoo.co.jp,Truax,33134
904,Aggie,Colledge,acolledgep3@gravatar.com,Southridge,11499
905,Darryl,Prettjohn,dprettjohnp4@linkedin.com,Thackeray,45296
906,Gaston,Padly,gpadlyp5@goo.gl,Bluejay,20319
907,Zachery,Di Batista,zdibatistap6@vkontakte.ru,Dennis,66105
908,Kyle,Vamplew,kvamplewp7@psu.edu,Forest,48912
909,Eddi,Moseley,emoseleyp8@discuz.net,Knutson,20709
910,Guillemette,Gooden,ggoodenp9@wisc.edu,Debs,99260
911,Carey,Ullock,cullockpa@china.com.cn,Charing Cross,27705
912,Andros,McNamara,amcnamarapb@sphinn.com,Continental,50369
913,Georgina,Lauxmann,glauxmannpc@goo.gl,Lakeland,20244
914,Elvira,Spat,espatpd@sbwire.com,5th,64114
915,Belita,Venny,bvennype@gmpg.org,Brentwood,30033
916,Charin,Selwin,cselwinpf@telegraph.co.uk,Hovde,32204
917,Reuven,Ganniclifft,rganniclifftpg@friendfeed.com,Duke,28215
918,Mill,Carverhill,mcarverhillph@google.com.br,Monument,15279
919,Joyce,Asquez,jasquezpi@cbsnews.com,Green Ridge,10120
920,Illa,Demkowicz,idemkowiczpj@1688.com,Grover,85053
921,Willis,Goude,wgoudepk@histats.com,Jackson,45203
922,Josi,Benedite,jbeneditepl@toplist.cz,Arizona,83716
923,Garvey,Trounson,gtrounsonpm@icio.us,Jackson,76796
924,Lucita,Thirlwall,lthirlwallpn@csmonitor.com,Ilene,38181
925,Wyn,Hakonsson,whakonssonpo@homestead.com,Algoma,14652
926,Stinky,Kirkpatrick,skirkpatrickpp@sogou.com,Scoville,93786
927,Waite,Dunkersley,wdunkersleypq@dagondesign.com,Arkansas,75799
928,Lilas,Belli,lbellipr@posterous.com,Summerview,77218
929,Fifine,Elacoate,felacoateps@oracle.com,Vera,89130
930,Kass,Geall,kgeallpt@howstuffworks.com,Gulseth,95205
931,Gertrude,Webling,gweblingpu@reference.com,Heath,79710
932,Bary,Le Surf,blesurfpv@hhs.gov,Buell,90805
933,Byrann,Offener,boffenerpw@tripod.com,Service,98104
934,Andria,Lowe,alowepx@google.ru,Columbus,33811
935,Paula,Crann,pcrannpy@accuweather.com,Huxley,19897
936,Matilda,Murrow,mmurrowpz@nytimes.com,Havey,93584
937,Mollie,Goundry,mgoundryq0@fotki.com,Charing Cross,55470
938,Kirsteni,Treffrey,ktreffreyq1@hao123.com,Warrior,50305
939,Kali,Fitzroy,kfitzroyq2@dedecms.com,Northwestern,33673
940,Cathleen,Perring,cperringq3@arstechnica.com,Starling,85705
941,Theresita,Petracek,tpetracekq4@privacy.gov.au,Talisman,95123
942,Elfie,Jewar,ejewarq5@lycos.com,Ronald Regan,07195
943,Mendy,Brymham,mbrymhamq6@stanford.edu,Bartillon,19495
944,Federica,Beniesh,fbenieshq7@about.com,Lake View,91103
945,Cornie,Brosch,cbroschq8@nifty.com,Surrey,99220
946,Elsi,Crone,ecroneq9@storify.com,American Ash,84125
947,Brittaney,Maxworthy,bmaxworthyqa@tuttocitta.it,Bonner,27615
948,Deloria,Galler,dgallerqb@cnbc.com,Cambridge,85305
949,Corissa,De la Feld,cdelafeldqc@usnews.com,Melody,72231
950,Corrie,Croucher,ccroucherqd@wordpress.com,Jay,78710
951,Dode,Cardenas,dcardenasqe@ifeng.com,Stuart,20073
952,Bastian,Mollatt,bmollattqf@vkontakte.ru,Southridge,78721
953,Jacintha,McSporrin,jmcsporrinqg@go.com,Fair Oaks,20244
954,Prudence,Laherty,plahertyqh@google.com.hk,1st,23551
955,Maurise,Donaher,mdonaherqi@hao123.com,Browning,27605
956,Lola,Peete,lpeeteqj@blogger.com,Magdeline,10125
957,Jodi,Pates,jpatesqk@i2i.jp,Forest,35215
958,Kynthia,Petrina,kpetrinaql@typepad.com,Namekagon,20575
959,Doloritas,Akred,dakredqm@nationalgeographic.com,2nd,98109
960,Malvin,Thomann,mthomannqn@chronoengine.com,Service,12222
961,Rebbecca,Records,rrecordsqo@hatena.ne.jp,Browning,33325
962,Susanne,Peat,speatqp@themeforest.net,Almo,94064
963,Ursula,Jzhakov,ujzhakovqq@businessinsider.com,Jay,36670
964,Bellina,Bolsteridge,bbolsteridgeqr@engadget.com,Delladonna,35231
965,Brunhilde,Jost,bjostqs@engadget.com,Hazelcrest,66160
966,Bernete,Baudic,bbaudicqt@howstuffworks.com,Lighthouse Bay,57193
967,Madonna,Dymocke,mdymockequ@rakuten.co.jp,Superior,75210
968,Else,Cranney,ecranneyqv@oracle.com,Dahle,79116
969,Ashly,Tackell,atackellqw@odnoklassniki.ru,Crest Line,85062
970,Adriano,Jurczyk,ajurczykqx@go.com,Mayer,15279
971,Linet,Fevier,lfevierqy@sciencedirect.com,Summerview,35405
972,Theodore,Bril,tbrilqz@naver.com,Moland,40546
973,Quinlan,Bullers,qbullersr0@tinyurl.com,Merchant,34665
974,Vail,Venables,vvenablesr1@moonfruit.com,Birchwood,77713
975,Norrie,Antrack,nantrackr2@digg.com,Bluejay,95210
976,Kimberley,Laneham,klanehamr3@facebook.com,Warbler,85015
977,Michaelina,Maroney,mmaroneyr4@blogtalkradio.com,Canary,80525
978,Kingsley,Saphin,ksaphinr5@apache.org,Garrison,27455
979,Tamar,Domenc,tdomencr6@webmd.com,Boyd,33731
980,Andrei,Brennen,abrennenr7@over-blog.com,Oak,98481
981,Taffy,Mawson,tmawsonr8@e-recht24.de,North,33416
982,Lilian,Hoston,lhostonr9@reddit.com,Browning,84605
983,Marcelia,Lee,mleera@delicious.com,Brickson Park,40586
984,Les,Ousby,lousbyrb@xrea.com,Basil,33283
985,Lennie,Heinl,lheinlrc@apache.org,Victoria,66667
986,Christoffer,Girth,cgirthrd@constantcontact.com,Colorado,22234
987,Kristofor,Tropman,ktropmanre@ehow.com,Rigney,88514
988,Harlin,Mullaly,hmullalyrf@dell.com,Sachs,31605
989,Brandea,O'Scollee,boscolleerg@qq.com,Swallow,94142
990,Yoko,Allard,yallardrh@behance.net,Blaine,20535
991,Myrtia,Gammage,mgammageri@forbes.com,Graedel,20088
992,Beverie,Hunston,bhunstonrj@stumbleupon.com,Heffernan,10184
993,Jaquelyn,Surgeoner,jsurgeonerrk@flavors.me,Pearson,14652
994,Kennith,Dugget,kduggetrl@123-reg.co.uk,Declaration,02905
995,Blythe,Adair,badairrm@themeforest.net,Moland,20220
996,Nariko,Byas,nbyasrn@adobe.com,Talmadge,59806
997,Crissie,Hinkens,chinkensro@redcross.org,Hollow Ridge,92127
998,Beryle,Fick,bfickrp@google.cn,Kropf,95150
999,Joycelin,Fost,jfostrq@arstechnica.com,Sherman,60663
1000,Noe,Sewter,nsewterrr@slashdot.org,Nelson,33462
